Path,Accessor,Size,StoredSize,Sha256,Md5,Error,_Components
B:\Windows\System32\winevt\Logs\Application.evtx,auto,69632,69632,,,,"[""B:"",""Windows"",""System32"",""winevt"",""Logs"",""Application.evtx""]"
B:\Windows\System32\winevt\Logs\HardwareEvents.evtx,auto,69632,69632,,,,"[""B:"",""Windows"",""System32"",""winevt"",""Logs"",""HardwareEvents.evtx""]"
B:\Windows\System32\winevt\Logs\Internet Explorer.evtx,auto,69632,69632,,,,"[""B:"",""Windows"",""System32"",""winevt"",""Logs"",""Internet Explorer.evtx""]"
B:\Windows\System32\winevt\Logs\Key Management Service.evtx,auto,69632,69632,,,,"[""B:"",""Windows"",""System32"",""winevt"",""Logs"",""Key Management Service.evtx""]"
B:\Windows\System32\winevt\Logs\Microsoft-AppV-Client%4Admin.evtx,auto,69632,69632,,,,"[""B:"",""Windows"",""System32"",""winevt"",""Logs"",""Microsoft-AppV-Client%4Admin.evtx""]"
B:\Windows\System32\winevt\Logs\Microsoft-AppV-Client%4Operational.evtx,auto,69632,69632,,,,"[""B:"",""Windows"",""System32"",""winevt"",""Logs"",""Microsoft-AppV-Client%4Operational.evtx""]"
B:\Windows\System32\winevt\Logs\Microsoft-AppV-Client%4Virtual Applications.evtx,auto,69632,69632,,,,"[""B:"",""Windows"",""System32"",""winevt"",""Logs"",""Microsoft-AppV-Client%4Virtual Applications.evtx""]"
B:\Windows\System32\winevt\Logs\Microsoft-Client-Licensing-Platform%4Admin.evtx,auto,69632,69632,,,,"[""B:"",""Windows"",""System32"",""winevt"",""Logs"",""Microsoft-Client-Licensing-Platform%4Admin.evtx""]"
B:\Windows\System32\winevt\Logs\Microsoft-Rdms-UI%4Admin.evtx,auto,69632,69632,,,,"[""B:"",""Windows"",""System32"",""winevt"",""Logs"",""Microsoft-Rdms-UI%4Admin.evtx""]"
B:\Windows\System32\winevt\Logs\Microsoft-Rdms-UI%4Operational.evtx,auto,69632,69632,,,,"[""B:"",""Windows"",""System32"",""winevt"",""Logs"",""Microsoft-Rdms-UI%4Operational.evtx""]"
B:\Windows\System32\winevt\Logs\Microsoft-User Experience Virtualization-Agent Driver%4Operational.evtx,auto,69632,69632,,,,"[""B:"",""Windows"",""System32"",""winevt"",""Logs"",""Microsoft-User Experience Virtualization-Agent Driver%4Operational.evtx""]"
B:\Windows\System32\winevt\Logs\Microsoft-User Experience Virtualization-App Agent%4Operational.evtx,auto,69632,69632,,,,"[""B:"",""Windows"",""System32"",""winevt"",""Logs"",""Microsoft-User Experience Virtualization-App Agent%4Operational.evtx""]"
B:\Windows\System32\winevt\Logs\Microsoft-User Experience Virtualization-IPC%4Operational.evtx,auto,69632,69632,,,,"[""B:"",""Windows"",""System32"",""winevt"",""Logs"",""Microsoft-User Experience Virtualization-IPC%4Operational.evtx""]"
B:\Windows\System32\winevt\Logs\Microsoft-User Experience Virtualization-SQM Uploader%4Operational.evtx,auto,69632,69632,,,,"[""B:"",""Windows"",""System32"",""winevt"",""Logs"",""Microsoft-User Experience Virtualization-SQM Uploader%4Operational.evtx""]"
B:\Windows\System32\winevt\Logs\Microsoft-Windows-AAD%4Operational.evtx,auto,69632,69632,,,,"[""B:"",""Windows"",""System32"",""winevt"",""Logs"",""Microsoft-Windows-AAD%4Operational.evtx""]"
B:\Windows\System32\winevt\Logs\Microsoft-Windows-All-User-Install-Agent%4Admin.evtx,auto,69632,69632,,,,"[""B:"",""Windows"",""System32"",""winevt"",""Logs"",""Microsoft-Windows-All-User-Install-Agent%4Admin.evtx""]"
B:\Windows\System32\winevt\Logs\Microsoft-Windows-AllJoyn%4Operational.evtx,auto,69632,69632,,,,"[""B:"",""Windows"",""System32"",""winevt"",""Logs"",""Microsoft-Windows-AllJoyn%4Operational.evtx""]"
B:\Windows\System32\winevt\Logs\Microsoft-Windows-AppHost%4Admin.evtx,auto,69632,69632,,,,"[""B:"",""Windows"",""System32"",""winevt"",""Logs"",""Microsoft-Windows-AppHost%4Admin.evtx""]"
B:\Windows\System32\winevt\Logs\Microsoft-Windows-AppID%4Operational.evtx,auto,69632,69632,,,,"[""B:"",""Windows"",""System32"",""winevt"",""Logs"",""Microsoft-Windows-AppID%4Operational.evtx""]"
B:\Windows\System32\winevt\Logs\Microsoft-Windows-AppLocker%4EXE and DLL.evtx,auto,69632,69632,,,,"[""B:"",""Windows"",""System32"",""winevt"",""Logs"",""Microsoft-Windows-AppLocker%4EXE and DLL.evtx""]"
B:\Windows\System32\winevt\Logs\Microsoft-Windows-AppLocker%4MSI and Script.evtx,auto,69632,69632,,,,"[""B:"",""Windows"",""System32"",""winevt"",""Logs"",""Microsoft-Windows-AppLocker%4MSI and Script.evtx""]"
B:\Windows\System32\winevt\Logs\Microsoft-Windows-AppLocker%4Packaged app-Deployment.evtx,auto,69632,69632,,,,"[""B:"",""Windows"",""System32"",""winevt"",""Logs"",""Microsoft-Windows-AppLocker%4Packaged app-Deployment.evtx""]"
B:\Windows\System32\winevt\Logs\Microsoft-Windows-AppLocker%4Packaged app-Execution.evtx,auto,69632,69632,,,,"[""B:"",""Windows"",""System32"",""winevt"",""Logs"",""Microsoft-Windows-AppLocker%4Packaged app-Execution.evtx""]"
B:\Windows\System32\winevt\Logs\Microsoft-Windows-AppModel-Runtime%4Admin.evtx,auto,69632,69632,,,,"[""B:"",""Windows"",""System32"",""winevt"",""Logs"",""Microsoft-Windows-AppModel-Runtime%4Admin.evtx""]"
B:\Windows\System32\winevt\Logs\Microsoft-Windows-AppReadiness%4Admin.evtx,auto,69632,69632,,,,"[""B:"",""Windows"",""System32"",""winevt"",""Logs"",""Microsoft-Windows-AppReadiness%4Admin.evtx""]"
B:\Windows\System32\winevt\Logs\Microsoft-Windows-AppReadiness%4Operational.evtx,auto,69632,69632,,,,"[""B:"",""Windows"",""System32"",""winevt"",""Logs"",""Microsoft-Windows-AppReadiness%4Operational.evtx""]"
B:\Windows\System32\winevt\Logs\Microsoft-Windows-AppXDeployment%4Operational.evtx,auto,69632,69632,,,,"[""B:"",""Windows"",""System32"",""winevt"",""Logs"",""Microsoft-Windows-AppXDeployment%4Operational.evtx""]"
B:\Windows\System32\winevt\Logs\Microsoft-Windows-AppXDeploymentServer%4Operational.evtx,auto,69632,69632,,,,"[""B:"",""Windows"",""System32"",""winevt"",""Logs"",""Microsoft-Windows-AppXDeploymentServer%4Operational.evtx""]"
B:\Windows\System32\winevt\Logs\Microsoft-Windows-AppXDeploymentServer%4Restricted.evtx,auto,69632,69632,,,,"[""B:"",""Windows"",""System32"",""winevt"",""Logs"",""Microsoft-Windows-AppXDeploymentServer%4Restricted.evtx""]"
B:\Windows\System32\winevt\Logs\Microsoft-Windows-ApplicabilityEngine%4Operational.evtx,auto,69632,69632,,,,"[""B:"",""Windows"",""System32"",""winevt"",""Logs"",""Microsoft-Windows-ApplicabilityEngine%4Operational.evtx""]"
B:\Windows\System32\winevt\Logs\Microsoft-Windows-Application Server-Applications%4Admin.evtx,auto,69632,69632,,,,"[""B:"",""Windows"",""System32"",""winevt"",""Logs"",""Microsoft-Windows-Application Server-Applications%4Admin.evtx""]"
B:\Windows\System32\winevt\Logs\Microsoft-Windows-Application Server-Applications%4Operational.evtx,auto,69632,69632,,,,"[""B:"",""Windows"",""System32"",""winevt"",""Logs"",""Microsoft-Windows-Application Server-Applications%4Operational.evtx""]"
B:\Windows\System32\winevt\Logs\Microsoft-Windows-Application-Experience%4Program-Compatibility-Assistant.evtx,auto,69632,69632,,,,"[""B:"",""Windows"",""System32"",""winevt"",""Logs"",""Microsoft-Windows-Application-Experience%4Program-Compatibility-Assistant.evtx""]"
B:\Windows\System32\winevt\Logs\Microsoft-Windows-Application-Experience%4Program-Compatibility-Troubleshooter.evtx,auto,69632,69632,,,,"[""B:"",""Windows"",""System32"",""winevt"",""Logs"",""Microsoft-Windows-Application-Experience%4Program-Compatibility-Troubleshooter.evtx""]"
B:\Windows\System32\winevt\Logs\Microsoft-Windows-Application-Experience%4Program-Inventory.evtx,auto,69632,69632,,,,"[""B:"",""Windows"",""System32"",""winevt"",""Logs"",""Microsoft-Windows-Application-Experience%4Program-Inventory.evtx""]"
B:\Windows\System32\winevt\Logs\Microsoft-Windows-Application-Experience%4Program-Telemetry.evtx,auto,69632,69632,,,,"[""B:"",""Windows"",""System32"",""winevt"",""Logs"",""Microsoft-Windows-Application-Experience%4Program-Telemetry.evtx""]"
B:\Windows\System32\winevt\Logs\Microsoft-Windows-Application-Experience%4Steps-Recorder.evtx,auto,69632,69632,,,,"[""B:"",""Windows"",""System32"",""winevt"",""Logs"",""Microsoft-Windows-Application-Experience%4Steps-Recorder.evtx""]"
B:\Windows\System32\winevt\Logs\Microsoft-Windows-AppxPackaging%4Operational.evtx,auto,69632,69632,,,,"[""B:"",""Windows"",""System32"",""winevt"",""Logs"",""Microsoft-Windows-AppxPackaging%4Operational.evtx""]"
B:\Windows\System32\winevt\Logs\Microsoft-Windows-Audio%4CaptureMonitor.evtx,auto,69632,69632,,,,"[""B:"",""Windows"",""System32"",""winevt"",""Logs"",""Microsoft-Windows-Audio%4CaptureMonitor.evtx""]"
B:\Windows\System32\winevt\Logs\Microsoft-Windows-Audio%4Operational.evtx,auto,69632,69632,,,,"[""B:"",""Windows"",""System32"",""winevt"",""Logs"",""Microsoft-Windows-Audio%4Operational.evtx""]"
B:\Windows\System32\winevt\Logs\Microsoft-Windows-Audio%4PlaybackManager.evtx,auto,69632,69632,,,,"[""B:"",""Windows"",""System32"",""winevt"",""Logs"",""Microsoft-Windows-Audio%4PlaybackManager.evtx""]"
B:\Windows\System32\winevt\Logs\Microsoft-Windows-Authentication User Interface%4Operational.evtx,auto,69632,69632,,,,"[""B:"",""Windows"",""System32"",""winevt"",""Logs"",""Microsoft-Windows-Authentication User Interface%4Operational.evtx""]"
B:\Windows\System32\winevt\Logs\Microsoft-Windows-BackgroundTaskInfrastructure%4Operational.evtx,auto,69632,69632,,,,"[""B:"",""Windows"",""System32"",""winevt"",""Logs"",""Microsoft-Windows-BackgroundTaskInfrastructure%4Operational.evtx""]"
B:\Windows\System32\winevt\Logs\Microsoft-Windows-Backup.evtx,auto,69632,69632,,,,"[""B:"",""Windows"",""System32"",""winevt"",""Logs"",""Microsoft-Windows-Backup.evtx""]"
B:\Windows\System32\winevt\Logs\Microsoft-Windows-BestPractices%4Operational.evtx,auto,69632,69632,,,,"[""B:"",""Windows"",""System32"",""winevt"",""Logs"",""Microsoft-Windows-BestPractices%4Operational.evtx""]"
B:\Windows\System32\winevt\Logs\Microsoft-Windows-Biometrics%4Operational.evtx,auto,69632,69632,,,,"[""B:"",""Windows"",""System32"",""winevt"",""Logs"",""Microsoft-Windows-Biometrics%4Operational.evtx""]"
B:\Windows\System32\winevt\Logs\Microsoft-Windows-Bits-Client%4Operational.evtx,auto,69632,69632,,,,"[""B:"",""Windows"",""System32"",""winevt"",""Logs"",""Microsoft-Windows-Bits-Client%4Operational.evtx""]"
B:\Windows\System32\winevt\Logs\Microsoft-Windows-Bluetooth-BthLEPrepairing%4Operational.evtx,auto,69632,69632,,,,"[""B:"",""Windows"",""System32"",""winevt"",""Logs"",""Microsoft-Windows-Bluetooth-BthLEPrepairing%4Operational.evtx""]"
B:\Windows\System32\winevt\Logs\Microsoft-Windows-Bluetooth-MTPEnum%4Operational.evtx,auto,69632,69632,,,,"[""B:"",""Windows"",""System32"",""winevt"",""Logs"",""Microsoft-Windows-Bluetooth-MTPEnum%4Operational.evtx""]"
B:\Windows\System32\winevt\Logs\Microsoft-Windows-Bluetooth-Policy%4Operational.evtx,auto,69632,69632,,,,"[""B:"",""Windows"",""System32"",""winevt"",""Logs"",""Microsoft-Windows-Bluetooth-Policy%4Operational.evtx""]"
B:\Windows\System32\winevt\Logs\Microsoft-Windows-BranchCacheSMB%4Operational.evtx,auto,69632,69632,,,,"[""B:"",""Windows"",""System32"",""winevt"",""Logs"",""Microsoft-Windows-BranchCacheSMB%4Operational.evtx""]"
B:\Windows\System32\winevt\Logs\Microsoft-Windows-CAPI2%4Operational.evtx,auto,69632,69632,,,,"[""B:"",""Windows"",""System32"",""winevt"",""Logs"",""Microsoft-Windows-CAPI2%4Operational.evtx""]"
B:\Windows\System32\winevt\Logs\Microsoft-Windows-CertificateServices-Deployment%4Operational.evtx,auto,69632,69632,,,,"[""B:"",""Windows"",""System32"",""winevt"",""Logs"",""Microsoft-Windows-CertificateServices-Deployment%4Operational.evtx""]"
B:\Windows\System32\winevt\Logs\Microsoft-Windows-CertificateServicesClient-Lifecycle-System%4Operational.evtx,auto,69632,69632,,,,"[""B:"",""Windows"",""System32"",""winevt"",""Logs"",""Microsoft-Windows-CertificateServicesClient-Lifecycle-System%4Operational.evtx""]"
B:\Windows\System32\winevt\Logs\Microsoft-Windows-CertificateServicesClient-Lifecycle-User%4Operational.evtx,auto,69632,69632,,,,"[""B:"",""Windows"",""System32"",""winevt"",""Logs"",""Microsoft-Windows-CertificateServicesClient-Lifecycle-User%4Operational.evtx""]"
B:\Windows\System32\winevt\Logs\Microsoft-Windows-CloudStore%4Operational.evtx,auto,69632,69632,,,,"[""B:"",""Windows"",""System32"",""winevt"",""Logs"",""Microsoft-Windows-CloudStore%4Operational.evtx""]"
B:\Windows\System32\winevt\Logs\Microsoft-Windows-CodeIntegrity%4Operational.evtx,auto,69632,69632,,,,"[""B:"",""Windows"",""System32"",""winevt"",""Logs"",""Microsoft-Windows-CodeIntegrity%4Operational.evtx""]"
B:\Windows\System32\winevt\Logs\Microsoft-Windows-Compat-Appraiser%4Operational.evtx,auto,69632,69632,,,,"[""B:"",""Windows"",""System32"",""winevt"",""Logs"",""Microsoft-Windows-Compat-Appraiser%4Operational.evtx""]"
B:\Windows\System32\winevt\Logs\Microsoft-Windows-Containers-BindFlt%4Operational.evtx,auto,69632,69632,,,,"[""B:"",""Windows"",""System32"",""winevt"",""Logs"",""Microsoft-Windows-Containers-BindFlt%4Operational.evtx""]"
B:\Windows\System32\winevt\Logs\Microsoft-Windows-Containers-CCG%4Admin.evtx,auto,69632,69632,,,,"[""B:"",""Windows"",""System32"",""winevt"",""Logs"",""Microsoft-Windows-Containers-CCG%4Admin.evtx""]"
B:\Windows\System32\winevt\Logs\Microsoft-Windows-Containers-Wcifs%4Operational.evtx,auto,69632,69632,,,,"[""B:"",""Windows"",""System32"",""winevt"",""Logs"",""Microsoft-Windows-Containers-Wcifs%4Operational.evtx""]"
B:\Windows\System32\winevt\Logs\Microsoft-Windows-Containers-Wcnfs%4Operational.evtx,auto,69632,69632,,,,"[""B:"",""Windows"",""System32"",""winevt"",""Logs"",""Microsoft-Windows-Containers-Wcnfs%4Operational.evtx""]"
B:\Windows\System32\winevt\Logs\Microsoft-Windows-CoreApplication%4Operational.evtx,auto,69632,69632,,,,"[""B:"",""Windows"",""System32"",""winevt"",""Logs"",""Microsoft-Windows-CoreApplication%4Operational.evtx""]"
B:\Windows\System32\winevt\Logs\Microsoft-Windows-CorruptedFileRecovery-Client%4Operational.evtx,auto,69632,69632,,,,"[""B:"",""Windows"",""System32"",""winevt"",""Logs"",""Microsoft-Windows-CorruptedFileRecovery-Client%4Operational.evtx""]"
B:\Windows\System32\winevt\Logs\Microsoft-Windows-CorruptedFileRecovery-Server%4Operational.evtx,auto,69632,69632,,,,"[""B:"",""Windows"",""System32"",""winevt"",""Logs"",""Microsoft-Windows-CorruptedFileRecovery-Server%4Operational.evtx""]"
B:\Windows\System32\winevt\Logs\Microsoft-Windows-Crypto-DPAPI%4BackUpKeySvc.evtx,auto,69632,69632,,,,"[""B:"",""Windows"",""System32"",""winevt"",""Logs"",""Microsoft-Windows-Crypto-DPAPI%4BackUpKeySvc.evtx""]"
B:\Windows\System32\winevt\Logs\Microsoft-Windows-Crypto-DPAPI%4Operational.evtx,auto,69632,69632,,,,"[""B:"",""Windows"",""System32"",""winevt"",""Logs"",""Microsoft-Windows-Crypto-DPAPI%4Operational.evtx""]"
B:\Windows\System32\winevt\Logs\Microsoft-Windows-Crypto-NCrypt%4CertInUse.evtx,auto,69632,69632,,,,"[""B:"",""Windows"",""System32"",""winevt"",""Logs"",""Microsoft-Windows-Crypto-NCrypt%4CertInUse.evtx""]"
B:\Windows\System32\winevt\Logs\Microsoft-Windows-DAL-Provider%4Operational.evtx,auto,69632,69632,,,,"[""B:"",""Windows"",""System32"",""winevt"",""Logs"",""Microsoft-Windows-DAL-Provider%4Operational.evtx""]"
B:\Windows\System32\winevt\Logs\Microsoft-Windows-DSC%4Admin.evtx,auto,69632,69632,,,,"[""B:"",""Windows"",""System32"",""winevt"",""Logs"",""Microsoft-Windows-DSC%4Admin.evtx""]"
B:\Windows\System32\winevt\Logs\Microsoft-Windows-DSC%4Operational.evtx,auto,69632,69632,,,,"[""B:"",""Windows"",""System32"",""winevt"",""Logs"",""Microsoft-Windows-DSC%4Operational.evtx""]"
B:\Windows\System32\winevt\Logs\Microsoft-Windows-DataIntegrityScan%4Admin.evtx,auto,69632,69632,,,,"[""B:"",""Windows"",""System32"",""winevt"",""Logs"",""Microsoft-Windows-DataIntegrityScan%4Admin.evtx""]"
B:\Windows\System32\winevt\Logs\Microsoft-Windows-DataIntegrityScan%4CrashRecovery.evtx,auto,69632,69632,,,,"[""B:"",""Windows"",""System32"",""winevt"",""Logs"",""Microsoft-Windows-DataIntegrityScan%4CrashRecovery.evtx""]"
B:\Windows\System32\winevt\Logs\Microsoft-Windows-DateTimeControlPanel%4Operational.evtx,auto,69632,69632,,,,"[""B:"",""Windows"",""System32"",""winevt"",""Logs"",""Microsoft-Windows-DateTimeControlPanel%4Operational.evtx""]"
B:\Windows\System32\winevt\Logs\Microsoft-Windows-DeviceGuard%4Operational.evtx,auto,69632,69632,,,,"[""B:"",""Windows"",""System32"",""winevt"",""Logs"",""Microsoft-Windows-DeviceGuard%4Operational.evtx""]"
B:\Windows\System32\winevt\Logs\Microsoft-Windows-DeviceManagement-Enterprise-Diagnostics-Provider%4Admin.evtx,auto,69632,69632,,,,"[""B:"",""Windows"",""System32"",""winevt"",""Logs"",""Microsoft-Windows-DeviceManagement-Enterprise-Diagnostics-Provider%4Admin.evtx""]"
B:\Windows\System32\winevt\Logs\Microsoft-Windows-DeviceManagement-Enterprise-Diagnostics-Provider%4Operational.evtx,auto,69632,69632,,,,"[""B:"",""Windows"",""System32"",""winevt"",""Logs"",""Microsoft-Windows-DeviceManagement-Enterprise-Diagnostics-Provider%4Operational.evtx""]"
B:\Windows\System32\winevt\Logs\Microsoft-Windows-DeviceSetupManager%4Admin.evtx,auto,69632,69632,,,,"[""B:"",""Windows"",""System32"",""winevt"",""Logs"",""Microsoft-Windows-DeviceSetupManager%4Admin.evtx""]"
B:\Windows\System32\winevt\Logs\Microsoft-Windows-DeviceSetupManager%4Operational.evtx,auto,69632,69632,,,,"[""B:"",""Windows"",""System32"",""winevt"",""Logs"",""Microsoft-Windows-DeviceSetupManager%4Operational.evtx""]"
B:\Windows\System32\winevt\Logs\Microsoft-Windows-DeviceSync%4Operational.evtx,auto,69632,69632,,,,"[""B:"",""Windows"",""System32"",""winevt"",""Logs"",""Microsoft-Windows-DeviceSync%4Operational.evtx""]"
B:\Windows\System32\winevt\Logs\Microsoft-Windows-DeviceUpdateAgent%4Operational.evtx,auto,69632,69632,,,,"[""B:"",""Windows"",""System32"",""winevt"",""Logs"",""Microsoft-Windows-DeviceUpdateAgent%4Operational.evtx""]"
B:\Windows\System32\winevt\Logs\Microsoft-Windows-Devices-Background%4Operational.evtx,auto,69632,69632,,,,"[""B:"",""Windows"",""System32"",""winevt"",""Logs"",""Microsoft-Windows-Devices-Background%4Operational.evtx""]"
B:\Windows\System32\winevt\Logs\Microsoft-Windows-Dhcp-Client%4Admin.evtx,auto,69632,69632,,,,"[""B:"",""Windows"",""System32"",""winevt"",""Logs"",""Microsoft-Windows-Dhcp-Client%4Admin.evtx""]"
B:\Windows\System32\winevt\Logs\Microsoft-Windows-Dhcpv6-Client%4Admin.evtx,auto,69632,69632,,,,"[""B:"",""Windows"",""System32"",""winevt"",""Logs"",""Microsoft-Windows-Dhcpv6-Client%4Admin.evtx""]"
B:\Windows\System32\winevt\Logs\Microsoft-Windows-Diagnosis-DPS%4Operational.evtx,auto,69632,69632,,,,"[""B:"",""Windows"",""System32"",""winevt"",""Logs"",""Microsoft-Windows-Diagnosis-DPS%4Operational.evtx""]"
B:\Windows\System32\winevt\Logs\Microsoft-Windows-Diagnosis-PCW%4Operational.evtx,auto,69632,69632,,,,"[""B:"",""Windows"",""System32"",""winevt"",""Logs"",""Microsoft-Windows-Diagnosis-PCW%4Operational.evtx""]"
B:\Windows\System32\winevt\Logs\Microsoft-Windows-Diagnosis-PLA%4Operational.evtx,auto,69632,69632,,,,"[""B:"",""Windows"",""System32"",""winevt"",""Logs"",""Microsoft-Windows-Diagnosis-PLA%4Operational.evtx""]"
B:\Windows\System32\winevt\Logs\Microsoft-Windows-Diagnosis-Scheduled%4Operational.evtx,auto,69632,69632,,,,"[""B:"",""Windows"",""System32"",""winevt"",""Logs"",""Microsoft-Windows-Diagnosis-Scheduled%4Operational.evtx""]"
B:\Windows\System32\winevt\Logs\Microsoft-Windows-Diagnosis-Scripted%4Admin.evtx,auto,69632,69632,,,,"[""B:"",""Windows"",""System32"",""winevt"",""Logs"",""Microsoft-Windows-Diagnosis-Scripted%4Admin.evtx""]"
B:\Windows\System32\winevt\Logs\Microsoft-Windows-Diagnosis-ScriptedDiagnosticsProvider%4Operational.evtx,auto,69632,69632,,,,"[""B:"",""Windows"",""System32"",""winevt"",""Logs"",""Microsoft-Windows-Diagnosis-ScriptedDiagnosticsProvider%4Operational.evtx""]"
B:\Windows\System32\winevt\Logs\Microsoft-Windows-Diagnostics-Networking%4Operational.evtx,auto,69632,69632,,,,"[""B:"",""Windows"",""System32"",""winevt"",""Logs"",""Microsoft-Windows-Diagnostics-Networking%4Operational.evtx""]"
B:\Windows\System32\winevt\Logs\Microsoft-Windows-DirectoryServices-Deployment%4Operational.evtx,auto,69632,69632,,,,"[""B:"",""Windows"",""System32"",""winevt"",""Logs"",""Microsoft-Windows-DirectoryServices-Deployment%4Operational.evtx""]"
B:\Windows\System32\winevt\Logs\Microsoft-Windows-DiskDiagnostic%4Operational.evtx,auto,69632,69632,,,,"[""B:"",""Windows"",""System32"",""winevt"",""Logs"",""Microsoft-Windows-DiskDiagnostic%4Operational.evtx""]"
B:\Windows\System32\winevt\Logs\Microsoft-Windows-DiskDiagnosticDataCollector%4Operational.evtx,auto,69632,69632,,,,"[""B:"",""Windows"",""System32"",""winevt"",""Logs"",""Microsoft-Windows-DiskDiagnosticDataCollector%4Operational.evtx""]"
B:\Windows\System32\winevt\Logs\Microsoft-Windows-DiskDiagnosticResolver%4Operational.evtx,auto,69632,69632,,,,"[""B:"",""Windows"",""System32"",""winevt"",""Logs"",""Microsoft-Windows-DiskDiagnosticResolver%4Operational.evtx""]"
B:\Windows\System32\winevt\Logs\Microsoft-Windows-EDP-Application-Learning%4Admin.evtx,auto,69632,69632,,,,"[""B:"",""Windows"",""System32"",""winevt"",""Logs"",""Microsoft-Windows-EDP-Application-Learning%4Admin.evtx""]"
B:\Windows\System32\winevt\Logs\Microsoft-Windows-EDP-Audit-Regular%4Admin.evtx,auto,69632,69632,,,,"[""B:"",""Windows"",""System32"",""winevt"",""Logs"",""Microsoft-Windows-EDP-Audit-Regular%4Admin.evtx""]"
B:\Windows\System32\winevt\Logs\Microsoft-Windows-EDP-Audit-TCB%4Admin.evtx,auto,69632,69632,,,,"[""B:"",""Windows"",""System32"",""winevt"",""Logs"",""Microsoft-Windows-EDP-Audit-TCB%4Admin.evtx""]"
B:\Windows\System32\winevt\Logs\Microsoft-Windows-EapHost%4Operational.evtx,auto,69632,69632,,,,"[""B:"",""Windows"",""System32"",""winevt"",""Logs"",""Microsoft-Windows-EapHost%4Operational.evtx""]"
B:\Windows\System32\winevt\Logs\Microsoft-Windows-EapMethods-RasChap%4Operational.evtx,auto,69632,69632,,,,"[""B:"",""Windows"",""System32"",""winevt"",""Logs"",""Microsoft-Windows-EapMethods-RasChap%4Operational.evtx""]"
B:\Windows\System32\winevt\Logs\Microsoft-Windows-EapMethods-RasTls%4Operational.evtx,auto,69632,69632,,,,"[""B:"",""Windows"",""System32"",""winevt"",""Logs"",""Microsoft-Windows-EapMethods-RasTls%4Operational.evtx""]"
B:\Windows\System32\winevt\Logs\Microsoft-Windows-EapMethods-Sim%4Operational.evtx,auto,69632,69632,,,,"[""B:"",""Windows"",""System32"",""winevt"",""Logs"",""Microsoft-Windows-EapMethods-Sim%4Operational.evtx""]"
B:\Windows\System32\winevt\Logs\Microsoft-Windows-EapMethods-Ttls%4Operational.evtx,auto,69632,69632,,,,"[""B:"",""Windows"",""System32"",""winevt"",""Logs"",""Microsoft-Windows-EapMethods-Ttls%4Operational.evtx""]"
B:\Windows\System32\winevt\Logs\Microsoft-Windows-EnrollmentPolicyWebService%4Admin.evtx,auto,69632,69632,,,,"[""B:"",""Windows"",""System32"",""winevt"",""Logs"",""Microsoft-Windows-EnrollmentPolicyWebService%4Admin.evtx""]"
B:\Windows\System32\winevt\Logs\Microsoft-Windows-EnrollmentWebService%4Admin.evtx,auto,69632,69632,,,,"[""B:"",""Windows"",""System32"",""winevt"",""Logs"",""Microsoft-Windows-EnrollmentWebService%4Admin.evtx""]"
B:\Windows\System32\winevt\Logs\Microsoft-Windows-EventCollector%4Operational.evtx,auto,69632,69632,,,,"[""B:"",""Windows"",""System32"",""winevt"",""Logs"",""Microsoft-Windows-EventCollector%4Operational.evtx""]"
B:\Windows\System32\winevt\Logs\Microsoft-Windows-FMS%4Operational.evtx,auto,69632,69632,,,,"[""B:"",""Windows"",""System32"",""winevt"",""Logs"",""Microsoft-Windows-FMS%4Operational.evtx""]"
B:\Windows\System32\winevt\Logs\Microsoft-Windows-Fault-Tolerant-Heap%4Operational.evtx,auto,69632,69632,,,,"[""B:"",""Windows"",""System32"",""winevt"",""Logs"",""Microsoft-Windows-Fault-Tolerant-Heap%4Operational.evtx""]"
B:\Windows\System32\winevt\Logs\Microsoft-Windows-FeatureConfiguration%4Operational.evtx,auto,69632,69632,,,,"[""B:"",""Windows"",""System32"",""winevt"",""Logs"",""Microsoft-Windows-FeatureConfiguration%4Operational.evtx""]"
B:\Windows\System32\winevt\Logs\Microsoft-Windows-FederationServices-Deployment%4Operational.evtx,auto,69632,69632,,,,"[""B:"",""Windows"",""System32"",""winevt"",""Logs"",""Microsoft-Windows-FederationServices-Deployment%4Operational.evtx""]"
B:\Windows\System32\winevt\Logs\Microsoft-Windows-FileServices-ServerManager-EventProvider%4Admin.evtx,auto,69632,69632,,,,"[""B:"",""Windows"",""System32"",""winevt"",""Logs"",""Microsoft-Windows-FileServices-ServerManager-EventProvider%4Admin.evtx""]"
B:\Windows\System32\winevt\Logs\Microsoft-Windows-FileServices-ServerManager-EventProvider%4Operational.evtx,auto,69632,69632,,,,"[""B:"",""Windows"",""System32"",""winevt"",""Logs"",""Microsoft-Windows-FileServices-ServerManager-EventProvider%4Operational.evtx""]"
B:\Windows\System32\winevt\Logs\Microsoft-Windows-FileShareShadowCopyProvider%4Operational.evtx,auto,69632,69632,,,,"[""B:"",""Windows"",""System32"",""winevt"",""Logs"",""Microsoft-Windows-FileShareShadowCopyProvider%4Operational.evtx""]"
B:\Windows\System32\winevt\Logs\Microsoft-Windows-Folder Redirection%4Operational.evtx,auto,69632,69632,,,,"[""B:"",""Windows"",""System32"",""winevt"",""Logs"",""Microsoft-Windows-Folder Redirection%4Operational.evtx""]"
B:\Windows\System32\winevt\Logs\Microsoft-Windows-Forwarding%4Operational.evtx,auto,69632,69632,,,,"[""B:"",""Windows"",""System32"",""winevt"",""Logs"",""Microsoft-Windows-Forwarding%4Operational.evtx""]"
B:\Windows\System32\winevt\Logs\Microsoft-Windows-GenericRoaming%4Admin.evtx,auto,69632,69632,,,,"[""B:"",""Windows"",""System32"",""winevt"",""Logs"",""Microsoft-Windows-GenericRoaming%4Admin.evtx""]"
B:\Windows\System32\winevt\Logs\Microsoft-Windows-GroupPolicy%4Operational.evtx,auto,1118208,1118208,,,,"[""B:"",""Windows"",""System32"",""winevt"",""Logs"",""Microsoft-Windows-GroupPolicy%4Operational.evtx""]"
B:\Windows\System32\winevt\Logs\Microsoft-Windows-HelloForBusiness%4Operational.evtx,auto,69632,69632,,,,"[""B:"",""Windows"",""System32"",""winevt"",""Logs"",""Microsoft-Windows-HelloForBusiness%4Operational.evtx""]"
B:\Windows\System32\winevt\Logs\Microsoft-Windows-Help%4Operational.evtx,auto,69632,69632,,,,"[""B:"",""Windows"",""System32"",""winevt"",""Logs"",""Microsoft-Windows-Help%4Operational.evtx""]"
B:\Windows\System32\winevt\Logs\Microsoft-Windows-HomeGroup Control Panel%4Operational.evtx,auto,69632,69632,,,,"[""B:"",""Windows"",""System32"",""winevt"",""Logs"",""Microsoft-Windows-HomeGroup Control Panel%4Operational.evtx""]"
B:\Windows\System32\winevt\Logs\Microsoft-Windows-Hyper-V-Guest-Drivers%4Admin.evtx,auto,69632,69632,,,,"[""B:"",""Windows"",""System32"",""winevt"",""Logs"",""Microsoft-Windows-Hyper-V-Guest-Drivers%4Admin.evtx""]"
B:\Windows\System32\winevt\Logs\Microsoft-Windows-Hyper-V-Hypervisor-Admin.evtx,auto,69632,69632,,,,"[""B:"",""Windows"",""System32"",""winevt"",""Logs"",""Microsoft-Windows-Hyper-V-Hypervisor-Admin.evtx""]"
B:\Windows\System32\winevt\Logs\Microsoft-Windows-Hyper-V-Hypervisor-Operational.evtx,auto,69632,69632,,,,"[""B:"",""Windows"",""System32"",""winevt"",""Logs"",""Microsoft-Windows-Hyper-V-Hypervisor-Operational.evtx""]"
B:\Windows\System32\winevt\Logs\Microsoft-Windows-IKE%4Operational.evtx,auto,69632,69632,,,,"[""B:"",""Windows"",""System32"",""winevt"",""Logs"",""Microsoft-Windows-IKE%4Operational.evtx""]"
B:\Windows\System32\winevt\Logs\Microsoft-Windows-IdCtrls%4Operational.evtx,auto,69632,69632,,,,"[""B:"",""Windows"",""System32"",""winevt"",""Logs"",""Microsoft-Windows-IdCtrls%4Operational.evtx""]"
B:\Windows\System32\winevt\Logs\Microsoft-Windows-International%4Operational.evtx,auto,69632,69632,,,,"[""B:"",""Windows"",""System32"",""winevt"",""Logs"",""Microsoft-Windows-International%4Operational.evtx""]"
B:\Windows\System32\winevt\Logs\Microsoft-Windows-International-RegionalOptionsControlPanel%4Operational.evtx,auto,69632,69632,,,,"[""B:"",""Windows"",""System32"",""winevt"",""Logs"",""Microsoft-Windows-International-RegionalOptionsControlPanel%4Operational.evtx""]"
B:\Windows\System32\winevt\Logs\Microsoft-Windows-Iphlpsvc%4Operational.evtx,auto,69632,69632,,,,"[""B:"",""Windows"",""System32"",""winevt"",""Logs"",""Microsoft-Windows-Iphlpsvc%4Operational.evtx""]"
B:\Windows\System32\winevt\Logs\Microsoft-Windows-KdsSvc%4Operational.evtx,auto,69632,69632,,,,"[""B:"",""Windows"",""System32"",""winevt"",""Logs"",""Microsoft-Windows-KdsSvc%4Operational.evtx""]"
B:\Windows\System32\winevt\Logs\Microsoft-Windows-Kernel-ApphelpCache%4Operational.evtx,auto,69632,69632,,,,"[""B:"",""Windows"",""System32"",""winevt"",""Logs"",""Microsoft-Windows-Kernel-ApphelpCache%4Operational.evtx""]"
B:\Windows\System32\winevt\Logs\Microsoft-Windows-Kernel-Boot%4Operational.evtx,auto,69632,69632,,,,"[""B:"",""Windows"",""System32"",""winevt"",""Logs"",""Microsoft-Windows-Kernel-Boot%4Operational.evtx""]"
B:\Windows\System32\winevt\Logs\Microsoft-Windows-Kernel-EventTracing%4Admin.evtx,auto,69632,69632,,,,"[""B:"",""Windows"",""System32"",""winevt"",""Logs"",""Microsoft-Windows-Kernel-EventTracing%4Admin.evtx""]"
B:\Windows\System32\winevt\Logs\Microsoft-Windows-Kernel-IO%4Operational.evtx,auto,69632,69632,,,,"[""B:"",""Windows"",""System32"",""winevt"",""Logs"",""Microsoft-Windows-Kernel-IO%4Operational.evtx""]"
B:\Windows\System32\winevt\Logs\Microsoft-Windows-Kernel-PnP%4Configuration.evtx,auto,69632,69632,,,,"[""B:"",""Windows"",""System32"",""winevt"",""Logs"",""Microsoft-Windows-Kernel-PnP%4Configuration.evtx""]"
B:\Windows\System32\winevt\Logs\Microsoft-Windows-Kernel-Power%4Thermal-Operational.evtx,auto,69632,69632,,,,"[""B:"",""Windows"",""System32"",""winevt"",""Logs"",""Microsoft-Windows-Kernel-Power%4Thermal-Operational.evtx""]"
B:\Windows\System32\winevt\Logs\Microsoft-Windows-Kernel-ShimEngine%4Operational.evtx,auto,69632,69632,,,,"[""B:"",""Windows"",""System32"",""winevt"",""Logs"",""Microsoft-Windows-Kernel-ShimEngine%4Operational.evtx""]"
B:\Windows\System32\winevt\Logs\Microsoft-Windows-Kernel-StoreMgr%4Operational.evtx,auto,69632,69632,,,,"[""B:"",""Windows"",""System32"",""winevt"",""Logs"",""Microsoft-Windows-Kernel-StoreMgr%4Operational.evtx""]"
B:\Windows\System32\winevt\Logs\Microsoft-Windows-Kernel-WDI%4Operational.evtx,auto,69632,69632,,,,"[""B:"",""Windows"",""System32"",""winevt"",""Logs"",""Microsoft-Windows-Kernel-WDI%4Operational.evtx""]"
B:\Windows\System32\winevt\Logs\Microsoft-Windows-Kernel-WHEA%4Errors.evtx,auto,69632,69632,,,,"[""B:"",""Windows"",""System32"",""winevt"",""Logs"",""Microsoft-Windows-Kernel-WHEA%4Errors.evtx""]"
B:\Windows\System32\winevt\Logs\Microsoft-Windows-Kernel-WHEA%4Operational.evtx,auto,69632,69632,,,,"[""B:"",""Windows"",""System32"",""winevt"",""Logs"",""Microsoft-Windows-Kernel-WHEA%4Operational.evtx""]"
B:\Windows\System32\winevt\Logs\Microsoft-Windows-Known Folders API Service.evtx,auto,69632,69632,,,,"[""B:"",""Windows"",""System32"",""winevt"",""Logs"",""Microsoft-Windows-Known Folders API Service.evtx""]"
B:\Windows\System32\winevt\Logs\Microsoft-Windows-LAPS%4Operational.evtx,auto,69632,69632,,,,"[""B:"",""Windows"",""System32"",""winevt"",""Logs"",""Microsoft-Windows-LAPS%4Operational.evtx""]"
B:\Windows\System32\winevt\Logs\Microsoft-Windows-LanguagePackSetup%4Operational.evtx,auto,69632,69632,,,,"[""B:"",""Windows"",""System32"",""winevt"",""Logs"",""Microsoft-Windows-LanguagePackSetup%4Operational.evtx""]"
B:\Windows\System32\winevt\Logs\Microsoft-Windows-LiveId%4Operational.evtx,auto,1052672,1052672,,,,"[""B:"",""Windows"",""System32"",""winevt"",""Logs"",""Microsoft-Windows-LiveId%4Operational.evtx""]"
B:\Windows\System32\winevt\Logs\Microsoft-Windows-MUI%4Admin.evtx,auto,69632,69632,,,,"[""B:"",""Windows"",""System32"",""winevt"",""Logs"",""Microsoft-Windows-MUI%4Admin.evtx""]"
B:\Windows\System32\winevt\Logs\Microsoft-Windows-MUI%4Operational.evtx,auto,69632,69632,,,,"[""B:"",""Windows"",""System32"",""winevt"",""Logs"",""Microsoft-Windows-MUI%4Operational.evtx""]"
B:\Windows\System32\winevt\Logs\Microsoft-Windows-ManagementTools-RegistryProvider%4Operational.evtx,auto,69632,69632,,,,"[""B:"",""Windows"",""System32"",""winevt"",""Logs"",""Microsoft-Windows-ManagementTools-RegistryProvider%4Operational.evtx""]"
B:\Windows\System32\winevt\Logs\Microsoft-Windows-ManagementTools-TaskManagerProvider%4Operational.evtx,auto,69632,69632,,,,"[""B:"",""Windows"",""System32"",""winevt"",""Logs"",""Microsoft-Windows-ManagementTools-TaskManagerProvider%4Operational.evtx""]"
B:\Windows\System32\winevt\Logs\Microsoft-Windows-MemoryDiagnostics-Results%4Debug.evtx,auto,69632,69632,,,,"[""B:"",""Windows"",""System32"",""winevt"",""Logs"",""Microsoft-Windows-MemoryDiagnostics-Results%4Debug.evtx""]"
B:\Windows\System32\winevt\Logs\Microsoft-Windows-MiStreamProvider%4Operational.evtx,auto,69632,69632,,,,"[""B:"",""Windows"",""System32"",""winevt"",""Logs"",""Microsoft-Windows-MiStreamProvider%4Operational.evtx""]"
B:\Windows\System32\winevt\Logs\Microsoft-Windows-Mobile-Broadband-Experience-Parser-Task%4Operational.evtx,auto,69632,69632,,,,"[""B:"",""Windows"",""System32"",""winevt"",""Logs"",""Microsoft-Windows-Mobile-Broadband-Experience-Parser-Task%4Operational.evtx""]"
B:\Windows\System32\winevt\Logs\Microsoft-Windows-Mobile-Broadband-Experience-SmsRouter%4Admin.evtx,auto,69632,69632,,,,"[""B:"",""Windows"",""System32"",""winevt"",""Logs"",""Microsoft-Windows-Mobile-Broadband-Experience-SmsRouter%4Admin.evtx""]"
B:\Windows\System32\winevt\Logs\Microsoft-Windows-Mprddm%4Operational.evtx,auto,69632,69632,,,,"[""B:"",""Windows"",""System32"",""winevt"",""Logs"",""Microsoft-Windows-Mprddm%4Operational.evtx""]"
B:\Windows\System32\winevt\Logs\Microsoft-Windows-MsLbfoProvider%4Operational.evtx,auto,69632,69632,,,,"[""B:"",""Windows"",""System32"",""winevt"",""Logs"",""Microsoft-Windows-MsLbfoProvider%4Operational.evtx""]"
B:\Windows\System32\winevt\Logs\Microsoft-Windows-NCSI%4Operational.evtx,auto,69632,69632,,,,"[""B:"",""Windows"",""System32"",""winevt"",""Logs"",""Microsoft-Windows-NCSI%4Operational.evtx""]"
B:\Windows\System32\winevt\Logs\Microsoft-Windows-NTLM%4Operational.evtx,auto,1052672,1052672,,,,"[""B:"",""Windows"",""System32"",""winevt"",""Logs"",""Microsoft-Windows-NTLM%4Operational.evtx""]"
B:\Windows\System32\winevt\Logs\Microsoft-Windows-NdisImPlatform%4Operational.evtx,auto,69632,69632,,,,"[""B:"",""Windows"",""System32"",""winevt"",""Logs"",""Microsoft-Windows-NdisImPlatform%4Operational.evtx""]"
B:\Windows\System32\winevt\Logs\Microsoft-Windows-NetworkLocationWizard%4Operational.evtx,auto,69632,69632,,,,"[""B:"",""Windows"",""System32"",""winevt"",""Logs"",""Microsoft-Windows-NetworkLocationWizard%4Operational.evtx""]"
B:\Windows\System32\winevt\Logs\Microsoft-Windows-NetworkProfile%4Operational.evtx,auto,69632,69632,,,,"[""B:"",""Windows"",""System32"",""winevt"",""Logs"",""Microsoft-Windows-NetworkProfile%4Operational.evtx""]"
B:\Windows\System32\winevt\Logs\Microsoft-Windows-NetworkProvider%4Operational.evtx,auto,69632,69632,,,,"[""B:"",""Windows"",""System32"",""winevt"",""Logs"",""Microsoft-Windows-NetworkProvider%4Operational.evtx""]"
B:\Windows\System32\winevt\Logs\Microsoft-Windows-NlaSvc%4Operational.evtx,auto,69632,69632,,,,"[""B:"",""Windows"",""System32"",""winevt"",""Logs"",""Microsoft-Windows-NlaSvc%4Operational.evtx""]"
B:\Windows\System32\winevt\Logs\Microsoft-Windows-Ntfs%4Operational.evtx,auto,69632,69632,,,,"[""B:"",""Windows"",""System32"",""winevt"",""Logs"",""Microsoft-Windows-Ntfs%4Operational.evtx""]"
B:\Windows\System32\winevt\Logs\Microsoft-Windows-Ntfs%4WHC.evtx,auto,69632,69632,,,,"[""B:"",""Windows"",""System32"",""winevt"",""Logs"",""Microsoft-Windows-Ntfs%4WHC.evtx""]"
B:\Windows\System32\winevt\Logs\Microsoft-Windows-OOBE-Machine-DUI%4Operational.evtx,auto,69632,69632,,,,"[""B:"",""Windows"",""System32"",""winevt"",""Logs"",""Microsoft-Windows-OOBE-Machine-DUI%4Operational.evtx""]"
B:\Windows\System32\winevt\Logs\Microsoft-Windows-OfflineFiles%4Operational.evtx,auto,69632,69632,,,,"[""B:"",""Windows"",""System32"",""winevt"",""Logs"",""Microsoft-Windows-OfflineFiles%4Operational.evtx""]"
B:\Windows\System32\winevt\Logs\Microsoft-Windows-PackageStateRoaming%4Operational.evtx,auto,69632,69632,,,,"[""B:"",""Windows"",""System32"",""winevt"",""Logs"",""Microsoft-Windows-PackageStateRoaming%4Operational.evtx""]"
B:\Windows\System32\winevt\Logs\Microsoft-Windows-Partition%4Diagnostic.evtx,auto,69632,69632,,,,"[""B:"",""Windows"",""System32"",""winevt"",""Logs"",""Microsoft-Windows-Partition%4Diagnostic.evtx""]"
B:\Windows\System32\winevt\Logs\Microsoft-Windows-PerceptionRuntime%4Operational.evtx,auto,69632,69632,,,,"[""B:"",""Windows"",""System32"",""winevt"",""Logs"",""Microsoft-Windows-PerceptionRuntime%4Operational.evtx""]"
B:\Windows\System32\winevt\Logs\Microsoft-Windows-PerceptionSensorDataService%4Operational.evtx,auto,69632,69632,,,,"[""B:"",""Windows"",""System32"",""winevt"",""Logs"",""Microsoft-Windows-PerceptionSensorDataService%4Operational.evtx""]"
B:\Windows\System32\winevt\Logs\Microsoft-Windows-PersistentMemory-Nvdimm%4Operational.evtx,auto,69632,69632,,,,"[""B:"",""Windows"",""System32"",""winevt"",""Logs"",""Microsoft-Windows-PersistentMemory-Nvdimm%4Operational.evtx""]"
B:\Windows\System32\winevt\Logs\Microsoft-Windows-PersistentMemory-PmemDisk%4Operational.evtx,auto,69632,69632,,,,"[""B:"",""Windows"",""System32"",""winevt"",""Logs"",""Microsoft-Windows-PersistentMemory-PmemDisk%4Operational.evtx""]"
B:\Windows\System32\winevt\Logs\Microsoft-Windows-PersistentMemory-ScmBus%4Certification.evtx,auto,69632,69632,,,,"[""B:"",""Windows"",""System32"",""winevt"",""Logs"",""Microsoft-Windows-PersistentMemory-ScmBus%4Certification.evtx""]"
B:\Windows\System32\winevt\Logs\Microsoft-Windows-Policy%4Operational.evtx,auto,69632,69632,,,,"[""B:"",""Windows"",""System32"",""winevt"",""Logs"",""Microsoft-Windows-Policy%4Operational.evtx""]"
B:\Windows\System32\winevt\Logs\Microsoft-Windows-PowerShell%4Admin.evtx,auto,69632,69632,,,,"[""B:"",""Windows"",""System32"",""winevt"",""Logs"",""Microsoft-Windows-PowerShell%4Admin.evtx""]"
B:\Windows\System32\winevt\Logs\Microsoft-Windows-PowerShell%4Operational.evtx,auto,69632,69632,,,,"[""B:"",""Windows"",""System32"",""winevt"",""Logs"",""Microsoft-Windows-PowerShell%4Operational.evtx""]"
B:\Windows\System32\winevt\Logs\Microsoft-Windows-PowerShell-DesiredStateConfiguration-FileDownloadManager%4Operational.evtx,auto,69632,69632,,,,"[""B:"",""Windows"",""System32"",""winevt"",""Logs"",""Microsoft-Windows-PowerShell-DesiredStateConfiguration-FileDownloadManager%4Operational.evtx""]"
B:\Windows\System32\winevt\Logs\Microsoft-Windows-PriResources-Deployment%4Operational.evtx,auto,69632,69632,,,,"[""B:"",""Windows"",""System32"",""winevt"",""Logs"",""Microsoft-Windows-PriResources-Deployment%4Operational.evtx""]"
B:\Windows\System32\winevt\Logs\Microsoft-Windows-PrintBRM%4Admin.evtx,auto,69632,69632,,,,"[""B:"",""Windows"",""System32"",""winevt"",""Logs"",""Microsoft-Windows-PrintBRM%4Admin.evtx""]"
B:\Windows\System32\winevt\Logs\Microsoft-Windows-PrintService%4Admin.evtx,auto,69632,69632,,,,"[""B:"",""Windows"",""System32"",""winevt"",""Logs"",""Microsoft-Windows-PrintService%4Admin.evtx""]"
B:\Windows\System32\winevt\Logs\Microsoft-Windows-Program-Compatibility-Assistant%4CompatAfterUpgrade.evtx,auto,69632,69632,,,,"[""B:"",""Windows"",""System32"",""winevt"",""Logs"",""Microsoft-Windows-Program-Compatibility-Assistant%4CompatAfterUpgrade.evtx""]"
B:\Windows\System32\winevt\Logs\Microsoft-Windows-PushNotification-Platform%4Admin.evtx,auto,69632,69632,,,,"[""B:"",""Windows"",""System32"",""winevt"",""Logs"",""Microsoft-Windows-PushNotification-Platform%4Admin.evtx""]"
B:\Windows\System32\winevt\Logs\Microsoft-Windows-PushNotification-Platform%4Operational.evtx,auto,69632,69632,,,,"[""B:"",""Windows"",""System32"",""winevt"",""Logs"",""Microsoft-Windows-PushNotification-Platform%4Operational.evtx""]"
B:\Windows\System32\winevt\Logs\Microsoft-Windows-ReFS%4Operational.evtx,auto,69632,69632,,,,"[""B:"",""Windows"",""System32"",""winevt"",""Logs"",""Microsoft-Windows-ReFS%4Operational.evtx""]"
B:\Windows\System32\winevt\Logs\Microsoft-Windows-ReadyBoost%4Operational.evtx,auto,69632,69632,,,,"[""B:"",""Windows"",""System32"",""winevt"",""Logs"",""Microsoft-Windows-ReadyBoost%4Operational.evtx""]"
B:\Windows\System32\winevt\Logs\Microsoft-Windows-Regsvr32%4Operational.evtx,auto,69632,69632,,,,"[""B:"",""Windows"",""System32"",""winevt"",""Logs"",""Microsoft-Windows-Regsvr32%4Operational.evtx""]"
B:\Windows\System32\winevt\Logs\Microsoft-Windows-RemoteApp and Desktop Connections%4Admin.evtx,auto,69632,69632,,,,"[""B:"",""Windows"",""System32"",""winevt"",""Logs"",""Microsoft-Windows-RemoteApp and Desktop Connections%4Admin.evtx""]"
B:\Windows\System32\winevt\Logs\Microsoft-Windows-RemoteApp and Desktop Connections%4Operational.evtx,auto,69632,69632,,,,"[""B:"",""Windows"",""System32"",""winevt"",""Logs"",""Microsoft-Windows-RemoteApp and Desktop Connections%4Operational.evtx""]"
B:\Windows\System32\winevt\Logs\Microsoft-Windows-RemoteDesktopServices-RdpCoreTS%4Admin.evtx,auto,69632,69632,,,,"[""B:"",""Windows"",""System32"",""winevt"",""Logs"",""Microsoft-Windows-RemoteDesktopServices-RdpCoreTS%4Admin.evtx""]"
B:\Windows\System32\winevt\Logs\Microsoft-Windows-RemoteDesktopServices-RdpCoreTS%4Operational.evtx,auto,1052672,1052672,,,,"[""B:"",""Windows"",""System32"",""winevt"",""Logs"",""Microsoft-Windows-RemoteDesktopServices-RdpCoreTS%4Operational.evtx""]"
B:\Windows\System32\winevt\Logs\Microsoft-Windows-RemoteDesktopServices-RemoteFX-Synth3dvsc%4Admin.evtx,auto,69632,69632,,,,"[""B:"",""Windows"",""System32"",""winevt"",""Logs"",""Microsoft-Windows-RemoteDesktopServices-RemoteFX-Synth3dvsc%4Admin.evtx""]"
B:\Windows\System32\winevt\Logs\Microsoft-Windows-RemoteDesktopServices-SessionServices%4Operational.evtx,auto,69632,69632,,,,"[""B:"",""Windows"",""System32"",""winevt"",""Logs"",""Microsoft-Windows-RemoteDesktopServices-SessionServices%4Operational.evtx""]"
B:\Windows\System32\winevt\Logs\Microsoft-Windows-Resource-Exhaustion-Detector%4Operational.evtx,auto,69632,69632,,,,"[""B:"",""Windows"",""System32"",""winevt"",""Logs"",""Microsoft-Windows-Resource-Exhaustion-Detector%4Operational.evtx""]"
B:\Windows\System32\winevt\Logs\Microsoft-Windows-Resource-Exhaustion-Resolver%4Operational.evtx,auto,69632,69632,,,,"[""B:"",""Windows"",""System32"",""winevt"",""Logs"",""Microsoft-Windows-Resource-Exhaustion-Resolver%4Operational.evtx""]"
B:\Windows\System32\winevt\Logs\Microsoft-Windows-RestartManager%4Operational.evtx,auto,69632,69632,,,,"[""B:"",""Windows"",""System32"",""winevt"",""Logs"",""Microsoft-Windows-RestartManager%4Operational.evtx""]"
B:\Windows\System32\winevt\Logs\Microsoft-Windows-SENSE%4Operational.evtx,auto,69632,69632,,,,"[""B:"",""Windows"",""System32"",""winevt"",""Logs"",""Microsoft-Windows-SENSE%4Operational.evtx""]"
B:\Windows\System32\winevt\Logs\Microsoft-Windows-SMBClient%4Operational.evtx,auto,69632,69632,,,,"[""B:"",""Windows"",""System32"",""winevt"",""Logs"",""Microsoft-Windows-SMBClient%4Operational.evtx""]"
B:\Windows\System32\winevt\Logs\Microsoft-Windows-SMBDirect%4Admin.evtx,auto,69632,69632,,,,"[""B:"",""Windows"",""System32"",""winevt"",""Logs"",""Microsoft-Windows-SMBDirect%4Admin.evtx""]"
B:\Windows\System32\winevt\Logs\Microsoft-Windows-SMBServer%4Audit.evtx,auto,69632,69632,,,,"[""B:"",""Windows"",""System32"",""winevt"",""Logs"",""Microsoft-Windows-SMBServer%4Audit.evtx""]"
B:\Windows\System32\winevt\Logs\Microsoft-Windows-SMBServer%4Connectivity.evtx,auto,69632,69632,,,,"[""B:"",""Windows"",""System32"",""winevt"",""Logs"",""Microsoft-Windows-SMBServer%4Connectivity.evtx""]"
B:\Windows\System32\winevt\Logs\Microsoft-Windows-SMBServer%4Operational.evtx,auto,69632,69632,,,,"[""B:"",""Windows"",""System32"",""winevt"",""Logs"",""Microsoft-Windows-SMBServer%4Operational.evtx""]"
B:\Windows\System32\winevt\Logs\Microsoft-Windows-SMBServer%4Security.evtx,auto,69632,69632,,,,"[""B:"",""Windows"",""System32"",""winevt"",""Logs"",""Microsoft-Windows-SMBServer%4Security.evtx""]"
B:\Windows\System32\winevt\Logs\Microsoft-Windows-SMBWitnessClient%4Admin.evtx,auto,69632,69632,,,,"[""B:"",""Windows"",""System32"",""winevt"",""Logs"",""Microsoft-Windows-SMBWitnessClient%4Admin.evtx""]"
B:\Windows\System32\winevt\Logs\Microsoft-Windows-SMBWitnessClient%4Informational.evtx,auto,69632,69632,,,,"[""B:"",""Windows"",""System32"",""winevt"",""Logs"",""Microsoft-Windows-SMBWitnessClient%4Informational.evtx""]"
B:\Windows\System32\winevt\Logs\Microsoft-Windows-SearchUI%4Operational.evtx,auto,69632,69632,,,,"[""B:"",""Windows"",""System32"",""winevt"",""Logs"",""Microsoft-Windows-SearchUI%4Operational.evtx""]"
B:\Windows\System32\winevt\Logs\Microsoft-Windows-Security-Adminless%4Operational.evtx,auto,69632,69632,,,,"[""B:"",""Windows"",""System32"",""winevt"",""Logs"",""Microsoft-Windows-Security-Adminless%4Operational.evtx""]"
B:\Windows\System32\winevt\Logs\Microsoft-Windows-Security-Audit-Configuration-Client%4Operational.evtx,auto,69632,69632,,,,"[""B:"",""Windows"",""System32"",""winevt"",""Logs"",""Microsoft-Windows-Security-Audit-Configuration-Client%4Operational.evtx""]"
B:\Windows\System32\winevt\Logs\Microsoft-Windows-Security-EnterpriseData-FileRevocationManager%4Operational.evtx,auto,69632,69632,,,,"[""B:"",""Windows"",""System32"",""winevt"",""Logs"",""Microsoft-Windows-Security-EnterpriseData-FileRevocationManager%4Operational.evtx""]"
B:\Windows\System32\winevt\Logs\Microsoft-Windows-Security-LessPrivilegedAppContainer%4Operational.evtx,auto,69632,69632,,,,"[""B:"",""Windows"",""System32"",""winevt"",""Logs"",""Microsoft-Windows-Security-LessPrivilegedAppContainer%4Operational.evtx""]"
B:\Windows\System32\winevt\Logs\Microsoft-Windows-Security-Mitigations%4KernelMode.evtx,auto,69632,69632,,,,"[""B:"",""Windows"",""System32"",""winevt"",""Logs"",""Microsoft-Windows-Security-Mitigations%4KernelMode.evtx""]"
B:\Windows\System32\winevt\Logs\Microsoft-Windows-Security-Mitigations%4UserMode.evtx,auto,69632,69632,,,,"[""B:"",""Windows"",""System32"",""winevt"",""Logs"",""Microsoft-Windows-Security-Mitigations%4UserMode.evtx""]"
B:\Windows\System32\winevt\Logs\Microsoft-Windows-Security-Netlogon%4Operational.evtx,auto,69632,69632,,,,"[""B:"",""Windows"",""System32"",""winevt"",""Logs"",""Microsoft-Windows-Security-Netlogon%4Operational.evtx""]"
B:\Windows\System32\winevt\Logs\Microsoft-Windows-Security-SPP-UX-GenuineCenter-Logging%4Operational.evtx,auto,69632,69632,,,,"[""B:"",""Windows"",""System32"",""winevt"",""Logs"",""Microsoft-Windows-Security-SPP-UX-GenuineCenter-Logging%4Operational.evtx""]"
B:\Windows\System32\winevt\Logs\Microsoft-Windows-Security-SPP-UX-Notifications%4ActionCenter.evtx,auto,69632,69632,,,,"[""B:"",""Windows"",""System32"",""winevt"",""Logs"",""Microsoft-Windows-Security-SPP-UX-Notifications%4ActionCenter.evtx""]"
B:\Windows\System32\winevt\Logs\Microsoft-Windows-Security-UserConsentVerifier%4Audit.evtx,auto,69632,69632,,,,"[""B:"",""Windows"",""System32"",""winevt"",""Logs"",""Microsoft-Windows-Security-UserConsentVerifier%4Audit.evtx""]"
B:\Windows\System32\winevt\Logs\Microsoft-Windows-SecurityMitigationsBroker%4Operational.evtx,auto,69632,69632,,,,"[""B:"",""Windows"",""System32"",""winevt"",""Logs"",""Microsoft-Windows-SecurityMitigationsBroker%4Operational.evtx""]"
B:\Windows\System32\winevt\Logs\Microsoft-Windows-SenseIR%4Operational.evtx,auto,69632,69632,,,,"[""B:"",""Windows"",""System32"",""winevt"",""Logs"",""Microsoft-Windows-SenseIR%4Operational.evtx""]"
B:\Windows\System32\winevt\Logs\Microsoft-Windows-ServerManager-ConfigureSMRemoting%4Operational.evtx,auto,69632,69632,,,,"[""B:"",""Windows"",""System32"",""winevt"",""Logs"",""Microsoft-Windows-ServerManager-ConfigureSMRemoting%4Operational.evtx""]"
B:\Windows\System32\winevt\Logs\Microsoft-Windows-ServerManager-DeploymentProvider%4Operational.evtx,auto,69632,69632,,,,"[""B:"",""Windows"",""System32"",""winevt"",""Logs"",""Microsoft-Windows-ServerManager-DeploymentProvider%4Operational.evtx""]"
B:\Windows\System32\winevt\Logs\Microsoft-Windows-ServerManager-MgmtProvider%4Operational.evtx,auto,69632,69632,,,,"[""B:"",""Windows"",""System32"",""winevt"",""Logs"",""Microsoft-Windows-ServerManager-MgmtProvider%4Operational.evtx""]"
B:\Windows\System32\winevt\Logs\Microsoft-Windows-ServerManager-MultiMachine%4Admin.evtx,auto,69632,69632,,,,"[""B:"",""Windows"",""System32"",""winevt"",""Logs"",""Microsoft-Windows-ServerManager-MultiMachine%4Admin.evtx""]"
B:\Windows\System32\winevt\Logs\Microsoft-Windows-ServerManager-MultiMachine%4Operational.evtx,auto,69632,69632,,,,"[""B:"",""Windows"",""System32"",""winevt"",""Logs"",""Microsoft-Windows-ServerManager-MultiMachine%4Operational.evtx""]"
B:\Windows\System32\winevt\Logs\Microsoft-Windows-ServicesForNFS-Client%4IdentityMapping.evtx,auto,69632,69632,,,,"[""B:"",""Windows"",""System32"",""winevt"",""Logs"",""Microsoft-Windows-ServicesForNFS-Client%4IdentityMapping.evtx""]"
B:\Windows\System32\winevt\Logs\Microsoft-Windows-ServicesForNFS-Client%4Operational.evtx,auto,69632,69632,,,,"[""B:"",""Windows"",""System32"",""winevt"",""Logs"",""Microsoft-Windows-ServicesForNFS-Client%4Operational.evtx""]"
B:\Windows\System32\winevt\Logs\Microsoft-Windows-SettingSync%4Debug.evtx,auto,69632,69632,,,,"[""B:"",""Windows"",""System32"",""winevt"",""Logs"",""Microsoft-Windows-SettingSync%4Debug.evtx""]"
B:\Windows\System32\winevt\Logs\Microsoft-Windows-SettingSync%4Operational.evtx,auto,69632,69632,,,,"[""B:"",""Windows"",""System32"",""winevt"",""Logs"",""Microsoft-Windows-SettingSync%4Operational.evtx""]"
B:\Windows\System32\winevt\Logs\Microsoft-Windows-SettingSync-Azure%4Debug.evtx,auto,69632,69632,,,,"[""B:"",""Windows"",""System32"",""winevt"",""Logs"",""Microsoft-Windows-SettingSync-Azure%4Debug.evtx""]"
B:\Windows\System32\winevt\Logs\Microsoft-Windows-SettingSync-Azure%4Operational.evtx,auto,69632,69632,,,,"[""B:"",""Windows"",""System32"",""winevt"",""Logs"",""Microsoft-Windows-SettingSync-Azure%4Operational.evtx""]"
B:\Windows\System32\winevt\Logs\Microsoft-Windows-SettingSync-OneDrive%4Debug.evtx,auto,69632,69632,,,,"[""B:"",""Windows"",""System32"",""winevt"",""Logs"",""Microsoft-Windows-SettingSync-OneDrive%4Debug.evtx""]"
B:\Windows\System32\winevt\Logs\Microsoft-Windows-SettingSync-OneDrive%4Operational.evtx,auto,69632,69632,,,,"[""B:"",""Windows"",""System32"",""winevt"",""Logs"",""Microsoft-Windows-SettingSync-OneDrive%4Operational.evtx""]"
B:\Windows\System32\winevt\Logs\Microsoft-Windows-Shell-ConnectedAccountState%4ActionCenter.evtx,auto,69632,69632,,,,"[""B:"",""Windows"",""System32"",""winevt"",""Logs"",""Microsoft-Windows-Shell-ConnectedAccountState%4ActionCenter.evtx""]"
B:\Windows\System32\winevt\Logs\Microsoft-Windows-Shell-Core%4ActionCenter.evtx,auto,69632,69632,,,,"[""B:"",""Windows"",""System32"",""winevt"",""Logs"",""Microsoft-Windows-Shell-Core%4ActionCenter.evtx""]"
B:\Windows\System32\winevt\Logs\Microsoft-Windows-Shell-Core%4AppDefaults.evtx,auto,69632,69632,,,,"[""B:"",""Windows"",""System32"",""winevt"",""Logs"",""Microsoft-Windows-Shell-Core%4AppDefaults.evtx""]"
B:\Windows\System32\winevt\Logs\Microsoft-Windows-Shell-Core%4LogonTasksChannel.evtx,auto,69632,69632,,,,"[""B:"",""Windows"",""System32"",""winevt"",""Logs"",""Microsoft-Windows-Shell-Core%4LogonTasksChannel.evtx""]"
B:\Windows\System32\winevt\Logs\Microsoft-Windows-Shell-Core%4Operational.evtx,auto,69632,69632,,,,"[""B:"",""Windows"",""System32"",""winevt"",""Logs"",""Microsoft-Windows-Shell-Core%4Operational.evtx""]"
B:\Windows\System32\winevt\Logs\Microsoft-Windows-ShellCommon-StartLayoutPopulation%4Operational.evtx,auto,69632,69632,,,,"[""B:"",""Windows"",""System32"",""winevt"",""Logs"",""Microsoft-Windows-ShellCommon-StartLayoutPopulation%4Operational.evtx""]"
B:\Windows\System32\winevt\Logs\Microsoft-Windows-SilProvider%4Operational.evtx,auto,69632,69632,,,,"[""B:"",""Windows"",""System32"",""winevt"",""Logs"",""Microsoft-Windows-SilProvider%4Operational.evtx""]"
B:\Windows\System32\winevt\Logs\Microsoft-Windows-SmartCard-Audit%4Authentication.evtx,auto,69632,69632,,,,"[""B:"",""Windows"",""System32"",""winevt"",""Logs"",""Microsoft-Windows-SmartCard-Audit%4Authentication.evtx""]"
B:\Windows\System32\winevt\Logs\Microsoft-Windows-SmartCard-DeviceEnum%4Operational.evtx,auto,69632,69632,,,,"[""B:"",""Windows"",""System32"",""winevt"",""Logs"",""Microsoft-Windows-SmartCard-DeviceEnum%4Operational.evtx""]"
B:\Windows\System32\winevt\Logs\Microsoft-Windows-SmartCard-TPM-VCard-Module%4Admin.evtx,auto,69632,69632,,,,"[""B:"",""Windows"",""System32"",""winevt"",""Logs"",""Microsoft-Windows-SmartCard-TPM-VCard-Module%4Admin.evtx""]"
B:\Windows\System32\winevt\Logs\Microsoft-Windows-SmartCard-TPM-VCard-Module%4Operational.evtx,auto,69632,69632,,,,"[""B:"",""Windows"",""System32"",""winevt"",""Logs"",""Microsoft-Windows-SmartCard-TPM-VCard-Module%4Operational.evtx""]"
B:\Windows\System32\winevt\Logs\Microsoft-Windows-SmbClient%4Audit.evtx,auto,69632,69632,,,,"[""B:"",""Windows"",""System32"",""winevt"",""Logs"",""Microsoft-Windows-SmbClient%4Audit.evtx""]"
B:\Windows\System32\winevt\Logs\Microsoft-Windows-SmbClient%4Connectivity.evtx,auto,69632,69632,,,,"[""B:"",""Windows"",""System32"",""winevt"",""Logs"",""Microsoft-Windows-SmbClient%4Connectivity.evtx""]"
B:\Windows\System32\winevt\Logs\Microsoft-Windows-SmbClient%4Security.evtx,auto,69632,69632,,,,"[""B:"",""Windows"",""System32"",""winevt"",""Logs"",""Microsoft-Windows-SmbClient%4Security.evtx""]"
B:\Windows\System32\winevt\Logs\Microsoft-Windows-StateRepository%4Operational.evtx,auto,69632,69632,,,,"[""B:"",""Windows"",""System32"",""winevt"",""Logs"",""Microsoft-Windows-StateRepository%4Operational.evtx""]"
B:\Windows\System32\winevt\Logs\Microsoft-Windows-StateRepository%4Restricted.evtx,auto,69632,69632,,,,"[""B:"",""Windows"",""System32"",""winevt"",""Logs"",""Microsoft-Windows-StateRepository%4Restricted.evtx""]"
B:\Windows\System32\winevt\Logs\Microsoft-Windows-Storage-ClassPnP%4Operational.evtx,auto,69632,69632,,,,"[""B:"",""Windows"",""System32"",""winevt"",""Logs"",""Microsoft-Windows-Storage-ClassPnP%4Operational.evtx""]"
B:\Windows\System32\winevt\Logs\Microsoft-Windows-Storage-Storport%4Health.evtx,auto,69632,69632,,,,"[""B:"",""Windows"",""System32"",""winevt"",""Logs"",""Microsoft-Windows-Storage-Storport%4Health.evtx""]"
B:\Windows\System32\winevt\Logs\Microsoft-Windows-Storage-Storport%4Operational.evtx,auto,69632,69632,,,,"[""B:"",""Windows"",""System32"",""winevt"",""Logs"",""Microsoft-Windows-Storage-Storport%4Operational.evtx""]"
B:\Windows\System32\winevt\Logs\Microsoft-Windows-Storage-Tiering%4Admin.evtx,auto,69632,69632,,,,"[""B:"",""Windows"",""System32"",""winevt"",""Logs"",""Microsoft-Windows-Storage-Tiering%4Admin.evtx""]"
B:\Windows\System32\winevt\Logs\Microsoft-Windows-StorageManagement%4Operational.evtx,auto,69632,69632,,,,"[""B:"",""Windows"",""System32"",""winevt"",""Logs"",""Microsoft-Windows-StorageManagement%4Operational.evtx""]"
B:\Windows\System32\winevt\Logs\Microsoft-Windows-StorageManagement-PartUtil%4Operational.evtx,auto,69632,69632,,,,"[""B:"",""Windows"",""System32"",""winevt"",""Logs"",""Microsoft-Windows-StorageManagement-PartUtil%4Operational.evtx""]"
B:\Windows\System32\winevt\Logs\Microsoft-Windows-StorageSpaces-Api%4Operational.evtx,auto,69632,69632,,,,"[""B:"",""Windows"",""System32"",""winevt"",""Logs"",""Microsoft-Windows-StorageSpaces-Api%4Operational.evtx""]"
B:\Windows\System32\winevt\Logs\Microsoft-Windows-StorageSpaces-Driver%4Diagnostic.evtx,auto,69632,69632,,,,"[""B:"",""Windows"",""System32"",""winevt"",""Logs"",""Microsoft-Windows-StorageSpaces-Driver%4Diagnostic.evtx""]"
B:\Windows\System32\winevt\Logs\Microsoft-Windows-StorageSpaces-Driver%4Operational.evtx,auto,69632,69632,,,,"[""B:"",""Windows"",""System32"",""winevt"",""Logs"",""Microsoft-Windows-StorageSpaces-Driver%4Operational.evtx""]"
B:\Windows\System32\winevt\Logs\Microsoft-Windows-StorageSpaces-ManagementAgent%4WHC.evtx,auto,69632,69632,,,,"[""B:"",""Windows"",""System32"",""winevt"",""Logs"",""Microsoft-Windows-StorageSpaces-ManagementAgent%4WHC.evtx""]"
B:\Windows\System32\winevt\Logs\Microsoft-Windows-StorageSpaces-SpaceManager%4Diagnostic.evtx,auto,69632,69632,,,,"[""B:"",""Windows"",""System32"",""winevt"",""Logs"",""Microsoft-Windows-StorageSpaces-SpaceManager%4Diagnostic.evtx""]"
B:\Windows\System32\winevt\Logs\Microsoft-Windows-StorageSpaces-SpaceManager%4Operational.evtx,auto,69632,69632,,,,"[""B:"",""Windows"",""System32"",""winevt"",""Logs"",""Microsoft-Windows-StorageSpaces-SpaceManager%4Operational.evtx""]"
B:\Windows\System32\winevt\Logs\Microsoft-Windows-Store%4Operational.evtx,auto,69632,69632,,,,"[""B:"",""Windows"",""System32"",""winevt"",""Logs"",""Microsoft-Windows-Store%4Operational.evtx""]"
B:\Windows\System32\winevt\Logs\Microsoft-Windows-SystemDataArchiver%4Diagnostic.evtx,auto,7409664,7409664,,,,"[""B:"",""Windows"",""System32"",""winevt"",""Logs"",""Microsoft-Windows-SystemDataArchiver%4Diagnostic.evtx""]"
B:\Windows\System32\winevt\Logs\Microsoft-Windows-SystemSettingsThreshold%4Operational.evtx,auto,69632,69632,,,,"[""B:"",""Windows"",""System32"",""winevt"",""Logs"",""Microsoft-Windows-SystemSettingsThreshold%4Operational.evtx""]"
B:\Windows\System32\winevt\Logs\Microsoft-Windows-TCPIP%4Operational.evtx,auto,69632,69632,,,,"[""B:"",""Windows"",""System32"",""winevt"",""Logs"",""Microsoft-Windows-TCPIP%4Operational.evtx""]"
B:\Windows\System32\winevt\Logs\Microsoft-Windows-TWinUI%4Operational.evtx,auto,69632,69632,,,,"[""B:"",""Windows"",""System32"",""winevt"",""Logs"",""Microsoft-Windows-TWinUI%4Operational.evtx""]"
B:\Windows\System32\winevt\Logs\Microsoft-Windows-TZSync%4Operational.evtx,auto,69632,69632,,,,"[""B:"",""Windows"",""System32"",""winevt"",""Logs"",""Microsoft-Windows-TZSync%4Operational.evtx""]"
B:\Windows\System32\winevt\Logs\Microsoft-Windows-TZUtil%4Operational.evtx,auto,69632,69632,,,,"[""B:"",""Windows"",""System32"",""winevt"",""Logs"",""Microsoft-Windows-TZUtil%4Operational.evtx""]"
B:\Windows\System32\winevt\Logs\Microsoft-Windows-TaskScheduler%4Maintenance.evtx,auto,69632,69632,,,,"[""B:"",""Windows"",""System32"",""winevt"",""Logs"",""Microsoft-Windows-TaskScheduler%4Maintenance.evtx""]"
B:\Windows\System32\winevt\Logs\Microsoft-Windows-TaskScheduler%4Operational.evtx,auto,1118208,1118208,,,,"[""B:"",""Windows"",""System32"",""winevt"",""Logs"",""Microsoft-Windows-TaskScheduler%4Operational.evtx""]"
B:\Windows\System32\winevt\Logs\Microsoft-Windows-TerminalServices-ClientUSBDevices%4Admin.evtx,auto,69632,69632,,,,"[""B:"",""Windows"",""System32"",""winevt"",""Logs"",""Microsoft-Windows-TerminalServices-ClientUSBDevices%4Admin.evtx""]"
B:\Windows\System32\winevt\Logs\Microsoft-Windows-TerminalServices-ClientUSBDevices%4Operational.evtx,auto,69632,69632,,,,"[""B:"",""Windows"",""System32"",""winevt"",""Logs"",""Microsoft-Windows-TerminalServices-ClientUSBDevices%4Operational.evtx""]"
B:\Windows\System32\winevt\Logs\Microsoft-Windows-TerminalServices-LocalSessionManager%4Admin.evtx,auto,69632,69632,,,,"[""B:"",""Windows"",""System32"",""winevt"",""Logs"",""Microsoft-Windows-TerminalServices-LocalSessionManager%4Admin.evtx""]"
B:\Windows\System32\winevt\Logs\Microsoft-Windows-TerminalServices-LocalSessionManager%4Operational.evtx,auto,69632,69632,,,,"[""B:"",""Windows"",""System32"",""winevt"",""Logs"",""Microsoft-Windows-TerminalServices-LocalSessionManager%4Operational.evtx""]"
B:\Windows\System32\winevt\Logs\Microsoft-Windows-TerminalServices-PnPDevices%4Admin.evtx,auto,69632,69632,,,,"[""B:"",""Windows"",""System32"",""winevt"",""Logs"",""Microsoft-Windows-TerminalServices-PnPDevices%4Admin.evtx""]"
B:\Windows\System32\winevt\Logs\Microsoft-Windows-TerminalServices-PnPDevices%4Operational.evtx,auto,69632,69632,,,,"[""B:"",""Windows"",""System32"",""winevt"",""Logs"",""Microsoft-Windows-TerminalServices-PnPDevices%4Operational.evtx""]"
B:\Windows\System32\winevt\Logs\Microsoft-Windows-TerminalServices-Printers%4Admin.evtx,auto,69632,69632,,,,"[""B:"",""Windows"",""System32"",""winevt"",""Logs"",""Microsoft-Windows-TerminalServices-Printers%4Admin.evtx""]"
B:\Windows\System32\winevt\Logs\Microsoft-Windows-TerminalServices-Printers%4Operational.evtx,auto,69632,69632,,,,"[""B:"",""Windows"",""System32"",""winevt"",""Logs"",""Microsoft-Windows-TerminalServices-Printers%4Operational.evtx""]"
B:\Windows\System32\winevt\Logs\Microsoft-Windows-TerminalServices-RDPClient%4Operational.evtx,auto,69632,69632,,,,"[""B:"",""Windows"",""System32"",""winevt"",""Logs"",""Microsoft-Windows-TerminalServices-RDPClient%4Operational.evtx""]"
B:\Windows\System32\winevt\Logs\Microsoft-Windows-TerminalServices-RemoteConnectionManager%4Admin.evtx,auto,69632,69632,,,,"[""B:"",""Windows"",""System32"",""winevt"",""Logs"",""Microsoft-Windows-TerminalServices-RemoteConnectionManager%4Admin.evtx""]"
B:\Windows\System32\winevt\Logs\Microsoft-Windows-TerminalServices-RemoteConnectionManager%4Operational.evtx,auto,69632,69632,,,,"[""B:"",""Windows"",""System32"",""winevt"",""Logs"",""Microsoft-Windows-TerminalServices-RemoteConnectionManager%4Operational.evtx""]"
B:\Windows\System32\winevt\Logs\Microsoft-Windows-TerminalServices-ServerUSBDevices%4Admin.evtx,auto,69632,69632,,,,"[""B:"",""Windows"",""System32"",""winevt"",""Logs"",""Microsoft-Windows-TerminalServices-ServerUSBDevices%4Admin.evtx""]"
B:\Windows\System32\winevt\Logs\Microsoft-Windows-TerminalServices-ServerUSBDevices%4Operational.evtx,auto,69632,69632,,,,"[""B:"",""Windows"",""System32"",""winevt"",""Logs"",""Microsoft-Windows-TerminalServices-ServerUSBDevices%4Operational.evtx""]"
B:\Windows\System32\winevt\Logs\Microsoft-Windows-TerminalServices-SessionBroker-Client%4Admin.evtx,auto,69632,69632,,,,"[""B:"",""Windows"",""System32"",""winevt"",""Logs"",""Microsoft-Windows-TerminalServices-SessionBroker-Client%4Admin.evtx""]"
B:\Windows\System32\winevt\Logs\Microsoft-Windows-TerminalServices-SessionBroker-Client%4Operational.evtx,auto,69632,69632,,,,"[""B:"",""Windows"",""System32"",""winevt"",""Logs"",""Microsoft-Windows-TerminalServices-SessionBroker-Client%4Operational.evtx""]"
B:\Windows\System32\winevt\Logs\Microsoft-Windows-Time-Service%4Operational.evtx,auto,69632,69632,,,,"[""B:"",""Windows"",""System32"",""winevt"",""Logs"",""Microsoft-Windows-Time-Service%4Operational.evtx""]"
B:\Windows\System32\winevt\Logs\Microsoft-Windows-Time-Service-PTP-Provider%4PTP-Operational.evtx,auto,69632,69632,,,,"[""B:"",""Windows"",""System32"",""winevt"",""Logs"",""Microsoft-Windows-Time-Service-PTP-Provider%4PTP-Operational.evtx""]"
B:\Windows\System32\winevt\Logs\Microsoft-Windows-UAC%4Operational.evtx,auto,69632,69632,,,,"[""B:"",""Windows"",""System32"",""winevt"",""Logs"",""Microsoft-Windows-UAC%4Operational.evtx""]"
B:\Windows\System32\winevt\Logs\Microsoft-Windows-UAC-FileVirtualization%4Operational.evtx,auto,69632,69632,,,,"[""B:"",""Windows"",""System32"",""winevt"",""Logs"",""Microsoft-Windows-UAC-FileVirtualization%4Operational.evtx""]"
B:\Windows\System32\winevt\Logs\Microsoft-Windows-UniversalTelemetryClient%4Operational.evtx,auto,69632,69632,,,,"[""B:"",""Windows"",""System32"",""winevt"",""Logs"",""Microsoft-Windows-UniversalTelemetryClient%4Operational.evtx""]"
B:\Windows\System32\winevt\Logs\Microsoft-Windows-User Control Panel%4Operational.evtx,auto,69632,69632,,,,"[""B:"",""Windows"",""System32"",""winevt"",""Logs"",""Microsoft-Windows-User Control Panel%4Operational.evtx""]"
B:\Windows\System32\winevt\Logs\Microsoft-Windows-User Device Registration%4Admin.evtx,auto,69632,69632,,,,"[""B:"",""Windows"",""System32"",""winevt"",""Logs"",""Microsoft-Windows-User Device Registration%4Admin.evtx""]"
B:\Windows\System32\winevt\Logs\Microsoft-Windows-User Profile Service%4Operational.evtx,auto,69632,69632,,,,"[""B:"",""Windows"",""System32"",""winevt"",""Logs"",""Microsoft-Windows-User Profile Service%4Operational.evtx""]"
B:\Windows\System32\winevt\Logs\Microsoft-Windows-User-Loader%4Operational.evtx,auto,69632,69632,,,,"[""B:"",""Windows"",""System32"",""winevt"",""Logs"",""Microsoft-Windows-User-Loader%4Operational.evtx""]"
B:\Windows\System32\winevt\Logs\Microsoft-Windows-UserPnp%4ActionCenter.evtx,auto,69632,69632,,,,"[""B:"",""Windows"",""System32"",""winevt"",""Logs"",""Microsoft-Windows-UserPnp%4ActionCenter.evtx""]"
B:\Windows\System32\winevt\Logs\Microsoft-Windows-UserPnp%4DeviceInstall.evtx,auto,69632,69632,,,,"[""B:"",""Windows"",""System32"",""winevt"",""Logs"",""Microsoft-Windows-UserPnp%4DeviceInstall.evtx""]"
B:\Windows\System32\winevt\Logs\Microsoft-Windows-VDRVROOT%4Operational.evtx,auto,69632,69632,,,,"[""B:"",""Windows"",""System32"",""winevt"",""Logs"",""Microsoft-Windows-VDRVROOT%4Operational.evtx""]"
B:\Windows\System32\winevt\Logs\Microsoft-Windows-VHDMP-Operational.evtx,auto,69632,69632,,,,"[""B:"",""Windows"",""System32"",""winevt"",""Logs"",""Microsoft-Windows-VHDMP-Operational.evtx""]"
B:\Windows\System32\winevt\Logs\Microsoft-Windows-VPN%4Operational.evtx,auto,69632,69632,,,,"[""B:"",""Windows"",""System32"",""winevt"",""Logs"",""Microsoft-Windows-VPN%4Operational.evtx""]"
B:\Windows\System32\winevt\Logs\Microsoft-Windows-VPN-Client%4Operational.evtx,auto,69632,69632,,,,"[""B:"",""Windows"",""System32"",""winevt"",""Logs"",""Microsoft-Windows-VPN-Client%4Operational.evtx""]"
B:\Windows\System32\winevt\Logs\Microsoft-Windows-VerifyHardwareSecurity%4Admin.evtx,auto,69632,69632,,,,"[""B:"",""Windows"",""System32"",""winevt"",""Logs"",""Microsoft-Windows-VerifyHardwareSecurity%4Admin.evtx""]"
B:\Windows\System32\winevt\Logs\Microsoft-Windows-Volume%4Diagnostic.evtx,auto,69632,69632,,,,"[""B:"",""Windows"",""System32"",""winevt"",""Logs"",""Microsoft-Windows-Volume%4Diagnostic.evtx""]"
B:\Windows\System32\winevt\Logs\Microsoft-Windows-VolumeSnapshot-Driver%4Operational.evtx,auto,69632,69632,,,,"[""B:"",""Windows"",""System32"",""winevt"",""Logs"",""Microsoft-Windows-VolumeSnapshot-Driver%4Operational.evtx""]"
B:\Windows\System32\winevt\Logs\Microsoft-Windows-WER-PayloadHealth%4Operational.evtx,auto,69632,69632,,,,"[""B:"",""Windows"",""System32"",""winevt"",""Logs"",""Microsoft-Windows-WER-PayloadHealth%4Operational.evtx""]"
B:\Windows\System32\winevt\Logs\Microsoft-Windows-WFP%4Operational.evtx,auto,69632,69632,,,,"[""B:"",""Windows"",""System32"",""winevt"",""Logs"",""Microsoft-Windows-WFP%4Operational.evtx""]"
B:\Windows\System32\winevt\Logs\Microsoft-Windows-WMI-Activity%4Operational.evtx,auto,69632,69632,,,,"[""B:"",""Windows"",""System32"",""winevt"",""Logs"",""Microsoft-Windows-WMI-Activity%4Operational.evtx""]"
B:\Windows\System32\winevt\Logs\Microsoft-Windows-WMPNSS-Service%4Operational.evtx,auto,69632,69632,,,,"[""B:"",""Windows"",""System32"",""winevt"",""Logs"",""Microsoft-Windows-WMPNSS-Service%4Operational.evtx""]"
B:\Windows\System32\winevt\Logs\Microsoft-Windows-WPD-ClassInstaller%4Operational.evtx,auto,69632,69632,,,,"[""B:"",""Windows"",""System32"",""winevt"",""Logs"",""Microsoft-Windows-WPD-ClassInstaller%4Operational.evtx""]"
B:\Windows\System32\winevt\Logs\Microsoft-Windows-WPD-CompositeClassDriver%4Operational.evtx,auto,69632,69632,,,,"[""B:"",""Windows"",""System32"",""winevt"",""Logs"",""Microsoft-Windows-WPD-CompositeClassDriver%4Operational.evtx""]"
B:\Windows\System32\winevt\Logs\Microsoft-Windows-WPD-MTPClassDriver%4Operational.evtx,auto,69632,69632,,,,"[""B:"",""Windows"",""System32"",""winevt"",""Logs"",""Microsoft-Windows-WPD-MTPClassDriver%4Operational.evtx""]"
B:\Windows\System32\winevt\Logs\Microsoft-Windows-Wcmsvc%4Operational.evtx,auto,69632,69632,,,,"[""B:"",""Windows"",""System32"",""winevt"",""Logs"",""Microsoft-Windows-Wcmsvc%4Operational.evtx""]"
B:\Windows\System32\winevt\Logs\Microsoft-Windows-WebAuthN%4Operational.evtx,auto,69632,69632,,,,"[""B:"",""Windows"",""System32"",""winevt"",""Logs"",""Microsoft-Windows-WebAuthN%4Operational.evtx""]"
B:\Windows\System32\winevt\Logs\Microsoft-Windows-Win32k%4Operational.evtx,auto,69632,69632,,,,"[""B:"",""Windows"",""System32"",""winevt"",""Logs"",""Microsoft-Windows-Win32k%4Operational.evtx""]"
B:\Windows\System32\winevt\Logs\Microsoft-Windows-WinHttp%4Operational.evtx,auto,69632,69632,,,,"[""B:"",""Windows"",""System32"",""winevt"",""Logs"",""Microsoft-Windows-WinHttp%4Operational.evtx""]"
B:\Windows\System32\winevt\Logs\Microsoft-Windows-WinINet%4Operational.evtx,auto,69632,69632,,,,"[""B:"",""Windows"",""System32"",""winevt"",""Logs"",""Microsoft-Windows-WinINet%4Operational.evtx""]"
B:\Windows\System32\winevt\Logs\Microsoft-Windows-WinINet-Config%4ProxyConfigChanged.evtx,auto,69632,69632,,,,"[""B:"",""Windows"",""System32"",""winevt"",""Logs"",""Microsoft-Windows-WinINet-Config%4ProxyConfigChanged.evtx""]"
B:\Windows\System32\winevt\Logs\Microsoft-Windows-WinRM%4Operational.evtx,auto,69632,69632,,,,"[""B:"",""Windows"",""System32"",""winevt"",""Logs"",""Microsoft-Windows-WinRM%4Operational.evtx""]"
B:\Windows\System32\winevt\Logs\Microsoft-Windows-Windows Defender%4Operational.evtx,auto,69632,69632,,,,"[""B:"",""Windows"",""System32"",""winevt"",""Logs"",""Microsoft-Windows-Windows Defender%4Operational.evtx""]"
B:\Windows\System32\winevt\Logs\Microsoft-Windows-Windows Defender%4WHC.evtx,auto,69632,69632,,,,"[""B:"",""Windows"",""System32"",""winevt"",""Logs"",""Microsoft-Windows-Windows Defender%4WHC.evtx""]"
B:\Windows\System32\winevt\Logs\Microsoft-Windows-Windows Firewall With Advanced Security%4ConnectionSecurity.evtx,auto,69632,69632,,,,"[""B:"",""Windows"",""System32"",""winevt"",""Logs"",""Microsoft-Windows-Windows Firewall With Advanced Security%4ConnectionSecurity.evtx""]"
B:\Windows\System32\winevt\Logs\Microsoft-Windows-Windows Firewall With Advanced Security%4Firewall.evtx,auto,69632,69632,,,,"[""B:"",""Windows"",""System32"",""winevt"",""Logs"",""Microsoft-Windows-Windows Firewall With Advanced Security%4Firewall.evtx""]"
B:\Windows\System32\winevt\Logs\Microsoft-Windows-Windows Firewall With Advanced Security%4FirewallDiagnostics.evtx,auto,69632,69632,,,,"[""B:"",""Windows"",""System32"",""winevt"",""Logs"",""Microsoft-Windows-Windows Firewall With Advanced Security%4FirewallDiagnostics.evtx""]"
B:\Windows\System32\winevt\Logs\Microsoft-Windows-WindowsSystemAssessmentTool%4Operational.evtx,auto,69632,69632,,,,"[""B:"",""Windows"",""System32"",""winevt"",""Logs"",""Microsoft-Windows-WindowsSystemAssessmentTool%4Operational.evtx""]"
B:\Windows\System32\winevt\Logs\Microsoft-Windows-WindowsUpdateClient%4Operational.evtx,auto,69632,69632,,,,"[""B:"",""Windows"",""System32"",""winevt"",""Logs"",""Microsoft-Windows-WindowsUpdateClient%4Operational.evtx""]"
B:\Windows\System32\winevt\Logs\Microsoft-Windows-Winlogon%4Operational.evtx,auto,69632,69632,,,,"[""B:"",""Windows"",""System32"",""winevt"",""Logs"",""Microsoft-Windows-Winlogon%4Operational.evtx""]"
B:\Windows\System32\winevt\Logs\Microsoft-Windows-Winsock-WS2HELP%4Operational.evtx,auto,69632,69632,,,,"[""B:"",""Windows"",""System32"",""winevt"",""Logs"",""Microsoft-Windows-Winsock-WS2HELP%4Operational.evtx""]"
B:\Windows\System32\winevt\Logs\Microsoft-Windows-Wired-AutoConfig%4Operational.evtx,auto,69632,69632,,,,"[""B:"",""Windows"",""System32"",""winevt"",""Logs"",""Microsoft-Windows-Wired-AutoConfig%4Operational.evtx""]"
B:\Windows\System32\winevt\Logs\Microsoft-Windows-Workplace Join%4Admin.evtx,auto,69632,69632,,,,"[""B:"",""Windows"",""System32"",""winevt"",""Logs"",""Microsoft-Windows-Workplace Join%4Admin.evtx""]"
B:\Windows\System32\winevt\Logs\On-premises data gateway service.evtx,auto,69632,69632,,,,"[""B:"",""Windows"",""System32"",""winevt"",""Logs"",""On-premises data gateway service.evtx""]"
B:\Windows\System32\winevt\Logs\OpenSSH%4Admin.evtx,auto,69632,69632,,,,"[""B:"",""Windows"",""System32"",""winevt"",""Logs"",""OpenSSH%4Admin.evtx""]"
B:\Windows\System32\winevt\Logs\OpenSSH%4Operational.evtx,auto,69632,69632,,,,"[""B:"",""Windows"",""System32"",""winevt"",""Logs"",""OpenSSH%4Operational.evtx""]"
B:\Windows\System32\winevt\Logs\Parameters.evtx,auto,69632,69632,,,,"[""B:"",""Windows"",""System32"",""winevt"",""Logs"",""Parameters.evtx""]"
B:\Windows\System32\winevt\Logs\SMSApi.evtx,auto,69632,69632,,,,"[""B:"",""Windows"",""System32"",""winevt"",""Logs"",""SMSApi.evtx""]"
B:\Windows\System32\winevt\Logs\Security.evtx,auto,2166784,2166784,,,,"[""B:"",""Windows"",""System32"",""winevt"",""Logs"",""Security.evtx""]"
B:\Windows\System32\winevt\Logs\Setup.evtx,auto,69632,69632,,,,"[""B:"",""Windows"",""System32"",""winevt"",""Logs"",""Setup.evtx""]"
B:\Windows\System32\winevt\Logs\State.evtx,auto,69632,69632,,,,"[""B:"",""Windows"",""System32"",""winevt"",""Logs"",""State.evtx""]"
B:\Windows\System32\winevt\Logs\System.evtx,auto,1118208,1118208,,,,"[""B:"",""Windows"",""System32"",""winevt"",""Logs"",""System.evtx""]"
B:\Windows\System32\winevt\Logs\Windows PowerShell.evtx,auto,69632,69632,,,,"[""B:"",""Windows"",""System32"",""winevt"",""Logs"",""Windows PowerShell.evtx""]"
B:\Windows\System32\winevt\Logs\microsoft-windows-diagnosis-scripted%4operational.evtx,auto,69632,69632,,,,"[""B:"",""Windows"",""System32"",""winevt"",""Logs"",""microsoft-windows-diagnosis-scripted%4operational.evtx""]"
